Post;Company;Location;Time;Learn;Apply
Senior Python Developer;Payne, Roberts and Davis;Stewartbury, AA;2021-04-08;https://www.realpython.com;https://realpython.github.io/fake-jobs/jobs/senior-python-developer-0.html
Energy engineer;Vasquez-Davidson;Christopherville, AA;2021-04-08;https://www.realpython.com;https://realpython.github.io/fake-jobs/jobs/energy-engineer-1.html
Legal executive;Jackson, Chambers and Levy;Port Ericaburgh, AA;2021-04-08;https://www.realpython.com;https://realpython.github.io/fake-jobs/jobs/legal-executive-2.html
Fitness centre manager;Savage-Bradley;East Seanview, AP;2021-04-08;https://www.realpython.com;https://realpython.github.io/fake-jobs/jobs/fitness-centre-manager-3.html
Product manager;Ramirez Inc;North Jamieview, AP;2021-04-08;https://www.realpython.com;https://realpython.github.io/fake-jobs/jobs/product-manager-4.html
Medical technical officer;Rogers-Yates;Davidville, AP;2021-04-08;https://www.realpython.com;https://realpython.github.io/fake-jobs/jobs/medical-technical-officer-5.html
Physiological scientist;Kramer-Klein;South Christopher, AE;2021-04-08;https://www.realpython.com;https://realpython.github.io/fake-jobs/jobs/physiological-scientist-6.html
Textile designer;Meyers-Johnson;Port Jonathan, AE;2021-04-08;https://www.realpython.com;https://realpython.github.io/fake-jobs/jobs/textile-designer-7.html
Television floor manager;Hughes-Williams;Osbornetown, AE;2021-04-08;https://www.realpython.com;https://realpython.github.io/fake-jobs/jobs/television-floor-manager-8.html
Waste management officer;Jones, Williams and Villa;Scotttown, AP;2021-04-08;https://www.realpython.com;https://realpython.github.io/fake-jobs/jobs/waste-management-officer-9.html
Software Engineer (Python);Garcia PLC;Ericberg, AE;2021-04-08;https://www.realpython.com;https://realpython.github.io/fake-jobs/jobs/software-engineer-python-10.html
Interpreter;Gregory and Sons;Ramireztown, AE;2021-04-08;https://www.realpython.com;https://realpython.github.io/fake-jobs/jobs/interpreter-11.html
Architect;Clark, Garcia and Sosa;Figueroaview, AA;2021-04-08;https://www.realpython.com;https://realpython.github.io/fake-jobs/jobs/architect-12.html
Meteorologist;Bush PLC;Kelseystad, AA;2021-04-08;https://www.realpython.com;https://realpython.github.io/fake-jobs/jobs/meteorologist-13.html
Audiological scientist;Salazar-Meyers;Williamsburgh, AE;2021-04-08;https://www.realpython.com;https://realpython.github.io/fake-jobs/jobs/audiological-scientist-14.html
English as a second language teacher;Parker, Murphy and Brooks;Mitchellburgh, AE;2021-04-08;https://www.realpython.com;https://realpython.github.io/fake-jobs/jobs/english-as-a-second-language-teacher-15.html
Surgeon;Cruz-Brown;West Jessicabury, AA;2021-04-08;https://www.realpython.com;https://realpython.github.io/fake-jobs/jobs/surgeon-16.html
Equities trader;Macdonald-Ferguson;Maloneshire, AE;2021-04-08;https://www.realpython.com;https://realpython.github.io/fake-jobs/jobs/equities-trader-17.html
Newspaper journalist;Williams, Peterson and Rojas;Johnsonton, AA;2021-04-08;https://www.realpython.com;https://realpython.github.io/fake-jobs/jobs/newspaper-journalist-18.html
Materials engineer;Smith and Sons;South Davidtown, AP;2021-04-08;https://www.realpython.com;https://realpython.github.io/fake-jobs/jobs/materials-engineer-19.html
Python Programmer (Entry-Level);Moss, Duncan and Allen;Port Sara, AE;2021-04-08;https://www.realpython.com;https://realpython.github.io/fake-jobs/jobs/python-programmer-entry-level-20.html
Product/process development scientist;Gomez-Carroll;Marktown, AA;2021-04-08;https://www.realpython.com;https://realpython.github.io/fake-jobs/jobs/product-process-development-scientist-21.html
Scientist, research (maths);Manning, Welch and Herring;Laurenland, AE;2021-04-08;https://www.realpython.com;https://realpython.github.io/fake-jobs/jobs/scientist-research-maths-22.html
Ecologist;Lee, Gutierrez and Brown;Lauraton, AP;2021-04-08;https://www.realpython.com;https://realpython.github.io/fake-jobs/jobs/ecologist-23.html
Materials engineer;Davis, Serrano and Cook;South Tammyberg, AP;2021-04-08;https://www.realpython.com;https://realpython.github.io/fake-jobs/jobs/materials-engineer-24.html
Historic buildings inspector/conservation officer;Smith LLC;North Brandonville, AP;2021-04-08;https://www.realpython.com;https://realpython.github.io/fake-jobs/jobs/historic-buildings-inspector-conservation-officer-25.html
Data scientist;Thomas Group;Port Robertfurt, AA;2021-04-08;https://www.realpython.com;https://realpython.github.io/fake-jobs/jobs/data-scientist-26.html
Psychiatrist;Silva-King;Burnettbury, AE;2021-04-08;https://www.realpython.com;https://realpython.github.io/fake-jobs/jobs/psychiatrist-27.html
Structural engineer;Pierce-Long;Herbertside, AA;2021-04-08;https://www.realpython.com;https://realpython.github.io/fake-jobs/jobs/structural-engineer-28.html
Immigration officer;Walker-Simpson;Christopherport, AP;2021-04-08;https://www.realpython.com;https://realpython.github.io/fake-jobs/jobs/immigration-officer-29.html
Python Programmer (Entry-Level);Cooper and Sons;West Victor, AE;2021-04-08;https://www.realpython.com;https://realpython.github.io/fake-jobs/jobs/python-programmer-entry-level-30.html
Neurosurgeon;Donovan, Gonzalez and Figueroa;Port Aaron, AP;2021-04-08;https://www.realpython.com;https://realpython.github.io/fake-jobs/jobs/neurosurgeon-31.html
Broadcast engineer;Morgan, Butler and Bennett;Loribury, AA;2021-04-08;https://www.realpython.com;https://realpython.github.io/fake-jobs/jobs/broadcast-engineer-32.html
Make;Snyder-Lee;Angelastad, AP;2021-04-08;https://www.realpython.com;https://realpython.github.io/fake-jobs/jobs/make-33.html
Nurse, adult;Harris PLC;Larrytown, AE;2021-04-08;https://www.realpython.com;https://realpython.github.io/fake-jobs/jobs/nurse-adult-34.html
Air broker;Washington PLC;West Colin, AP;2021-04-08;https://www.realpython.com;https://realpython.github.io/fake-jobs/jobs/air-broker-35.html
Editor, film/video;Brown, Price and Campbell;West Stephanie, AP;2021-04-08;https://www.realpython.com;https://realpython.github.io/fake-jobs/jobs/editor-film-video-36.html
Production assistant, radio;Mcgee PLC;Laurentown, AP;2021-04-08;https://www.realpython.com;https://realpython.github.io/fake-jobs/jobs/production-assistant-radio-37.html
Engineer, communications;Dixon Inc;Wrightberg, AP;2021-04-08;https://www.realpython.com;https://realpython.github.io/fake-jobs/jobs/engineer-communications-38.html
Sales executive;Thompson, Sheppard and Ward;Alberttown, AE;2021-04-08;https://www.realpython.com;https://realpython.github.io/fake-jobs/jobs/sales-executive-39.html
Software Developer (Python);Adams-Brewer;Brockburgh, AE;2021-04-08;https://www.realpython.com;https://realpython.github.io/fake-jobs/jobs/software-developer-python-40.html
Futures trader;Schneider-Brady;North Jason, AE;2021-04-08;https://www.realpython.com;https://realpython.github.io/fake-jobs/jobs/futures-trader-41.html
Tour manager;Gonzales-Frank;Arnoldhaven, AE;2021-04-08;https://www.realpython.com;https://realpython.github.io/fake-jobs/jobs/tour-manager-42.html
Cytogeneticist;Smith-Wong;Lake Destiny, AP;2021-04-08;https://www.realpython.com;https://realpython.github.io/fake-jobs/jobs/cytogeneticist-43.html
Designer, multimedia;Pierce-Herrera;South Timothyburgh, AP;2021-04-08;https://www.realpython.com;https://realpython.github.io/fake-jobs/jobs/designer-multimedia-44.html
Trade union research officer;Aguilar, Rivera and Quinn;New Jimmyton, AE;2021-04-08;https://www.realpython.com;https://realpython.github.io/fake-jobs/jobs/trade-union-research-officer-45.html
Chemist, analytical;Lowe, Barnes and Thomas;New Lucasbury, AP;2021-04-08;https://www.realpython.com;https://realpython.github.io/fake-jobs/jobs/chemist-analytical-46.html
Programmer, multimedia;Lewis, Gonzalez and Vasquez;Port Cory, AE;2021-04-08;https://www.realpython.com;https://realpython.github.io/fake-jobs/jobs/programmer-multimedia-47.html
Engineer, broadcasting (operations);Taylor PLC;Gileston, AA;2021-04-08;https://www.realpython.com;https://realpython.github.io/fake-jobs/jobs/engineer-broadcasting-operations-48.html
Teacher, primary school;Oliver, Jones and Ramirez;Cindyshire, AA;2021-04-08;https://www.realpython.com;https://realpython.github.io/fake-jobs/jobs/teacher-primary-school-49.html
Python Developer;Rivera and Sons;East Michaelfort, AA;2021-04-08;https://www.realpython.com;https://realpython.github.io/fake-jobs/jobs/python-developer-50.html
Manufacturing systems engineer;Garcia PLC;Joybury, AE;2021-04-08;https://www.realpython.com;https://realpython.github.io/fake-jobs/jobs/manufacturing-systems-engineer-51.html
Producer, television/film/video;Johnson, Wells and Kramer;Emmatown, AE;2021-04-08;https://www.realpython.com;https://realpython.github.io/fake-jobs/jobs/producer-television-film-video-52.html
Scientist, forensic;Gonzalez LLC;Colehaven, AP;2021-04-08;https://www.realpython.com;https://realpython.github.io/fake-jobs/jobs/scientist-forensic-53.html
Bonds trader;Morgan, White and Macdonald;Port Coryton, AE;2021-04-08;https://www.realpython.com;https://realpython.github.io/fake-jobs/jobs/bonds-trader-54.html
Editorial assistant;Robinson-Fitzpatrick;Amyborough, AA;2021-04-08;https://www.realpython.com;https://realpython.github.io/fake-jobs/jobs/editorial-assistant-55.html
Photographer;Waters, Wilson and Hoover;Reynoldsville, AA;2021-04-08;https://www.realpython.com;https://realpython.github.io/fake-jobs/jobs/photographer-56.html
Retail banker;Hill LLC;Port Billy, AP;2021-04-08;https://www.realpython.com;https://realpython.github.io/fake-jobs/jobs/retail-banker-57.html
Jewellery designer;Li-Gregory;Adamburgh, AA;2021-04-08;https://www.realpython.com;https://realpython.github.io/fake-jobs/jobs/jewellery-designer-58.html
Ophthalmologist;Fisher, Ryan and Coleman;Wilsonmouth, AA;2021-04-08;https://www.realpython.com;https://realpython.github.io/fake-jobs/jobs/ophthalmologist-59.html
Back-End Web Developer (Python, Django);Stewart-Alexander;South Kimberly, AA;2021-04-08;https://www.realpython.com;https://realpython.github.io/fake-jobs/jobs/back-end-web-developer-python-django-60.html
Licensed conveyancer;Abbott and Sons;Benjaminland, AP;2021-04-08;https://www.realpython.com;https://realpython.github.io/fake-jobs/jobs/licensed-conveyancer-61.html
Futures trader;Bryant, Santana and Davenport;Zacharyport, AA;2021-04-08;https://www.realpython.com;https://realpython.github.io/fake-jobs/jobs/futures-trader-62.html
Counselling psychologist;Smith PLC;Port Devonville, AE;2021-04-08;https://www.realpython.com;https://realpython.github.io/fake-jobs/jobs/counselling-psychologist-63.html
Insurance underwriter;Patterson-Singh;East Thomas, AE;2021-04-08;https://www.realpython.com;https://realpython.github.io/fake-jobs/jobs/insurance-underwriter-64.html
Engineer, automotive;Martinez-Berry;New Jeffrey, AP;2021-04-08;https://www.realpython.com;https://realpython.github.io/fake-jobs/jobs/engineer-automotive-65.html
Producer, radio;May, Taylor and Fisher;Davidside, AA;2021-04-08;https://www.realpython.com;https://realpython.github.io/fake-jobs/jobs/producer-radio-66.html
Dispensing optician;Bailey, Owen and Thompson;Jamesville, AA;2021-04-08;https://www.realpython.com;https://realpython.github.io/fake-jobs/jobs/dispensing-optician-67.html
Designer, fashion/clothing;Vasquez Ltd;New Kelly, AP;2021-04-08;https://www.realpython.com;https://realpython.github.io/fake-jobs/jobs/designer-fashion-clothing-68.html
Chartered loss adjuster;Leblanc LLC;Lake Antonio, AA;2021-04-08;https://www.realpython.com;https://realpython.github.io/fake-jobs/jobs/chartered-loss-adjuster-69.html
Back-End Web Developer (Python, Django);Jackson, Ali and Mckee;New Elizabethside, AA;2021-04-08;https://www.realpython.com;https://realpython.github.io/fake-jobs/jobs/back-end-web-developer-python-django-70.html
Forest/woodland manager;Blankenship, Knight and Powell;Millsbury, AE;2021-04-08;https://www.realpython.com;https://realpython.github.io/fake-jobs/jobs/forest-woodland-manager-71.html
Clinical cytogeneticist;Patton, Haynes and Jones;Lloydton, AP;2021-04-08;https://www.realpython.com;https://realpython.github.io/fake-jobs/jobs/clinical-cytogeneticist-72.html
Print production planner;Wood Inc;Port Jeremy, AA;2021-04-08;https://www.realpython.com;https://realpython.github.io/fake-jobs/jobs/print-production-planner-73.html
Systems developer;Collins Group;New Elizabethtown, AA;2021-04-08;https://www.realpython.com;https://realpython.github.io/fake-jobs/jobs/systems-developer-74.html
Graphic designer;Flores-Nelson;Charlesstad, AE;2021-04-08;https://www.realpython.com;https://realpython.github.io/fake-jobs/jobs/graphic-designer-75.html
Writer;Mitchell, Jones and Olson;Josephbury, AE;2021-04-08;https://www.realpython.com;https://realpython.github.io/fake-jobs/jobs/writer-76.html
Field seismologist;Howard Group;Seanfurt, AA;2021-04-08;https://www.realpython.com;https://realpython.github.io/fake-jobs/jobs/field-seismologist-77.html
Chief Strategy Officer;Kramer-Edwards;Williambury, AA;2021-04-08;https://www.realpython.com;https://realpython.github.io/fake-jobs/jobs/chief-strategy-officer-78.html
Air cabin crew;Berry-Houston;South Jorgeside, AP;2021-04-08;https://www.realpython.com;https://realpython.github.io/fake-jobs/jobs/air-cabin-crew-79.html
Python Programmer (Entry-Level);Mathews Inc;Robertborough, AP;2021-04-08;https://www.realpython.com;https://realpython.github.io/fake-jobs/jobs/python-programmer-entry-level-80.html
Warden/ranger;Riley-Johnson;South Saratown, AP;2021-04-08;https://www.realpython.com;https://realpython.github.io/fake-jobs/jobs/warden-ranger-81.html
Sports therapist;Spencer and Sons;Hullview, AA;2021-04-08;https://www.realpython.com;https://realpython.github.io/fake-jobs/jobs/sports-therapist-82.html
Arts development officer;Camacho-Sanchez;Philipland, AP;2021-04-08;https://www.realpython.com;https://realpython.github.io/fake-jobs/jobs/arts-development-officer-83.html
Printmaker;Oliver and Sons;North Patty, AE;2021-04-08;https://www.realpython.com;https://realpython.github.io/fake-jobs/jobs/printmaker-84.html
Health and safety adviser;Eaton PLC;North Stephen, AE;2021-04-08;https://www.realpython.com;https://realpython.github.io/fake-jobs/jobs/health-and-safety-adviser-85.html
Manufacturing systems engineer;Stanley-Frederick;Stevensland, AP;2021-04-08;https://www.realpython.com;https://realpython.github.io/fake-jobs/jobs/manufacturing-systems-engineer-86.html
Programmer, applications;Bradley LLC;Reyesstad, AE;2021-04-08;https://www.realpython.com;https://realpython.github.io/fake-jobs/jobs/programmer-applications-87.html
Medical physicist;Parker, Goodwin and Zavala;Bellberg, AP;2021-04-08;https://www.realpython.com;https://realpython.github.io/fake-jobs/jobs/medical-physicist-88.html
Media planner;Kim-Miles;North Johnland, AE;2021-04-08;https://www.realpython.com;https://realpython.github.io/fake-jobs/jobs/media-planner-89.html
Software Developer (Python);Moreno-Rodriguez;Martinezburgh, AE;2021-04-08;https://www.realpython.com;https://realpython.github.io/fake-jobs/jobs/software-developer-python-90.html
Surveyor, land/geomatics;Brown-Ortiz;Joshuatown, AE;2021-04-08;https://www.realpython.com;https://realpython.github.io/fake-jobs/jobs/surveyor-land-geomatics-91.html
Legal executive;Hartman PLC;West Ericstad, AA;2021-04-08;https://www.realpython.com;https://realpython.github.io/fake-jobs/jobs/legal-executive-92.html
Librarian, academic;Brooks Inc;Tuckertown, AE;2021-04-08;https://www.realpython.com;https://realpython.github.io/fake-jobs/jobs/librarian-academic-93.html
Barrister;Washington-Castillo;Perezton, AE;2021-04-08;https://www.realpython.com;https://realpython.github.io/fake-jobs/jobs/barrister-94.html
Museum/gallery exhibitions officer;Nguyen, Yoder and Petty;Lake Abigail, AE;2021-04-08;https://www.realpython.com;https://realpython.github.io/fake-jobs/jobs/museum-gallery-exhibitions-officer-95.html
Radiographer, diagnostic;Holder LLC;Jacobshire, AP;2021-04-08;https://www.realpython.com;https://realpython.github.io/fake-jobs/jobs/radiographer-diagnostic-96.html
Database administrator;Yates-Ferguson;Port Susan, AE;2021-04-08;https://www.realpython.com;https://realpython.github.io/fake-jobs/jobs/database-administrator-97.html
Furniture designer;Ortega-Lawrence;North Tiffany, AA;2021-04-08;https://www.realpython.com;https://realpython.github.io/fake-jobs/jobs/furniture-designer-98.html
Ship broker;Fuentes, Walls and Castro;Michelleville, AP;2021-04-08;https://www.realpython.com;https://realpython.github.io/fake-jobs/jobs/ship-broker-99.html
